First Name;Last Name;Email;Group;StudentType;ID
John;Cooper;tet@gmail.com;gr112;Budget;6
David;Talk;davidtalk@email.com;GRP210;Contract;0
Hanna;Tent;hannatent@email.com;GRP210;Contract;4
Oleksandr;Romanenko;olexroman@email.com;GRP220;Budget;2
Natalia;Moroz;moroz@email.com;GRP220;Contract;3
Maria;Tkachik;newemail@email.com;GRP230;Contract;1
knknk;knknkknk;jojojoj;jojojo;;5
